url,label_asli,prediksi,confidence,status
https://www.abcam.com/,BUKAN JUDI,TIDAK TERINDIKASI JUDI ONLINE,77.47,BENAR
https://www.keycurriculum.com/,BUKAN JUDI,TIDAK TERINDIKASI JUDI ONLINE,100.0,BENAR
http://mega111-online.com/,JUDI ONLINE,TERINDIKASI JUDI ONLINE,98.0,BENAR
https://www.phadebas.com/,BUKAN JUDI,TIDAK TERINDIKASI JUDI ONLINE,76.19,BENAR
http://uglousea.com/,JUDI ONLINE,TERINDIKASI JUDI ONLINE,70.82,BENAR
https://lovinglifeover50.com/,JUDI ONLINE,TERINDIKASI JUDI ONLINE,90.98,BENAR
https://risingline.com/,BUKAN JUDI,TERINDIKASI JUDI ONLINE,76.1,SALAH
https://jpnesia33.ink/,JUDI ONLINE,TERINDIKASI JUDI ONLINE,100.0,BENAR
https://www.taleworlds.com/,BUKAN JUDI,TIDAK TERINDIKASI JUDI ONLINE,75.62,BENAR
https://pmb.sainttheresa.ac.id/plugin/?sih=trans4d,JUDI ONLINE,TERINDIKASI JUDI ONLINE,90.33,BENAR
https://pathfinderbuzz.com/,JUDI ONLINE,TERINDIKASI JUDI ONLINE,79.64,BENAR
https://www.ricoh.ie/,BUKAN JUDI,TIDAK TERINDIKASI JUDI ONLINE,99.5,BENAR
https://www.bookpunks.com/,JUDI ONLINE,TIDAK TERINDIKASI JUDI ONLINE,76.57,SALAH
https://rapitogel.org/,JUDI ONLINE,TERINDIKASI JUDI ONLINE,100.0,BENAR
https://main.smkn2kediri.sch.id/,JUDI ONLINE,TERINDIKASI JUDI ONLINE,87.0,BENAR
https://rajas.sman1wanaraya.sch.id/,JUDI ONLINE,TERINDIKASI JUDI ONLINE,88.5,BENAR
http://www.unitechelectronics.com/,BUKAN JUDI,TIDAK TERINDIKASI JUDI ONLINE,100.0,BENAR
https://ltc.ru/,BUKAN JUDI,TIDAK TERINDIKASI JUDI ONLINE,99.6,BENAR
https://txcharterschools.org/,BUKAN JUDI,TIDAK TERINDIKASI JUDI ONLINE,73.3,BENAR
https://www.tek-tips.com/threadminder.cfm?pid=1177,BUKAN JUDI,TIDAK TERINDIKASI JUDI ONLINE,89.0,BENAR
https://cloud.eeonline.org/pafiwatampone.org/,JUDI ONLINE,TIDAK TERINDIKASI JUDI ONLINE,66.0,SALAH
https://www.acountforcheckads.xyz/,JUDI ONLINE,TIDAK TERINDIKASI JUDI ONLINE,74.8,SALAH
https://tmtv.net/,BUKAN JUDI,TIDAK TERINDIKASI JUDI ONLINE,99.27,BENAR
https://cryogel.com/,BUKAN JUDI,TERINDIKASI JUDI ONLINE,54.0,SALAH
https://caprialbum.com/,JUDI ONLINE,TERINDIKASI JUDI ONLINE,76.1,BENAR
https://workingsolutions.com/,BUKAN JUDI,TIDAK TERINDIKASI JUDI ONLINE,73.3,BENAR
https://hsfservice.net/advertise-here,JUDI ONLINE,TERINDIKASI JUDI ONLINE,79.0,BENAR
http://www.gcaviation.com/,BUKAN JUDI,TIDAK TERINDIKASI JUDI ONLINE,99.35,BENAR
https://www.heartshomebrew.com/,BUKAN JUDI,TIDAK TERINDIKASI JUDI ONLINE,100.0,BENAR
http://tisasusaguns.com/,JUDI ONLINE,TERINDIKASI JUDI ONLINE,96.57,BENAR
https://spectraquest.com/,BUKAN JUDI,TERINDIKASI JUDI ONLINE,68.17,SALAH
https://indovegas99daftar.com/,JUDI ONLINE,TERINDIKASI JUDI ONLINE,95.38,BENAR
https://www.nixsolutions.com/,BUKAN JUDI,TIDAK TERINDIKASI JUDI ONLINE,100.0,BENAR
https://mpmwinc.cfd/,JUDI ONLINE,TERINDIKASI JUDI ONLINE,54.0,BENAR
https://www.cosmic.org.uk/,BUKAN JUDI,TIDAK TERINDIKASI JUDI ONLINE,100.0,BENAR
https://ultraoptica.com.adamsmillerlaw.com/,JUDI ONLINE,TERINDIKASI JUDI ONLINE,97.83,BENAR
https://mikigaming.vip/,JUDI ONLINE,TERINDIKASI JUDI ONLINE,100.0,BENAR
https://www.sentinel-laboratories.com/,BUKAN JUDI,TIDAK TERINDIKASI JUDI ONLINE,83.0,BENAR
https://togel125.com/,JUDI ONLINE,TERINDIKASI JUDI ONLINE,100.0,BENAR
https://vin777.quest/,JUDI ONLINE,TERINDIKASI JUDI ONLINE,100.0,BENAR
https://www.scotforge.com/,BUKAN JUDI,TIDAK TERINDIKASI JUDI ONLINE,76.57,BENAR
https://rlorimer.com.pemain86slot.com/,JUDI ONLINE,TERINDIKASI JUDI ONLINE,100.0,BENAR
https://withinreachsupplychain.com/wp-active/?daftar=kenzo168-rtp,JUDI ONLINE,TERINDIKASI JUDI ONLINE,98.0,BENAR
https://capcut.or.id/,JUDI ONLINE,TIDAK TERINDIKASI JUDI ONLINE,99.5,SALAH
https://lol4dsite.com/,JUDI ONLINE,TERINDIKASI JUDI ONLINE,99.3,BENAR
https://www.naysi.com/,BUKAN JUDI,TIDAK TERINDIKASI JUDI ONLINE,77.47,BENAR
https://810bitcoin.info/,JUDI ONLINE,TERINDIKASI JUDI ONLINE,100.0,BENAR
https://vincihoteles.com/,JUDI ONLINE,TERINDIKASI JUDI ONLINE,68.17,BENAR
https://areaguidebook.com/,JUDI ONLINE,TIDAK TERINDIKASI JUDI ONLINE,53.79,SALAH
https://teatromaestranza.com/,JUDI ONLINE,TIDAK TERINDIKASI JUDI ONLINE,73.3,SALAH
https://spredgar.com/,JUDI ONLINE,TERINDIKASI JUDI ONLINE,83.08,BENAR
http://www.cougarmtnsupport.com/cgi-sys/suspendedpage.cgi,BUKAN JUDI,TERINDIKASI JUDI ONLINE,52.0,SALAH
https://www.puzzlepirates.com/,BUKAN JUDI,TIDAK TERINDIKASI JUDI ONLINE,100.0,BENAR
https://togel178.host/baju-muslim-wanita/,JUDI ONLINE,TERINDIKASI JUDI ONLINE,98.0,BENAR
https://asyouneed.com/,BUKAN JUDI,TERINDIKASI JUDI ONLINE,57.49,SALAH
https://kenzototo.net/,JUDI ONLINE,TERINDIKASI JUDI ONLINE,100.0,BENAR
https://blueprof.ca/,BUKAN JUDI,TERINDIKASI JUDI ONLINE,54.0,SALAH
https://rebusinstitute.com/,JUDI ONLINE,TERINDIKASI JUDI ONLINE,79.64,BENAR
https://tadalissx.store/,JUDI ONLINE,TERINDIKASI JUDI ONLINE,78.51,BENAR
https://tritonbrewing.com/bistro/,JUDI ONLINE,TERINDIKASI JUDI ONLINE,81.87,BENAR
https://getatogel.net/,JUDI ONLINE,TERINDIKASI JUDI ONLINE,100.0,BENAR
https://slwt.org/,BUKAN JUDI,TIDAK TERINDIKASI JUDI ONLINE,99.27,BENAR
https://computerhelpforums.com/,BUKAN JUDI,TIDAK TERINDIKASI JUDI ONLINE,82.93,BENAR
https://modalkuota.com.nagaccasli.in/,JUDI ONLINE,TIDAK TERINDIKASI JUDI ONLINE,57.5,SALAH
https://sumo168c.cfd/,JUDI ONLINE,TERINDIKASI JUDI ONLINE,100.0,BENAR
https://christinarjones.name/,JUDI ONLINE,TIDAK TERINDIKASI JUDI ONLINE,73.3,SALAH
https://www.reverberray.com/,BUKAN JUDI,TERINDIKASI JUDI ONLINE,52.41,SALAH
https://www.rnaautomation.com/,BUKAN JUDI,TIDAK TERINDIKASI JUDI ONLINE,100.0,BENAR
https://www.twinlakes.net/,BUKAN JUDI,TIDAK TERINDIKASI JUDI ONLINE,76.57,BENAR
https://www.rajawali4dg.cfd/,JUDI ONLINE,TERINDIKASI JUDI ONLINE,79.81,BENAR
https://tekkom.net/,BUKAN JUDI,TERINDIKASI JUDI ONLINE,50.26,SALAH
https://luxury98c.cfd/,JUDI ONLINE,TERINDIKASI JUDI ONLINE,100.0,BENAR
https://www.iacontainer.in/en/?id=agenolx+daftar,JUDI ONLINE,TERINDIKASI JUDI ONLINE,78.5,BENAR
http://toto205.com/,JUDI ONLINE,TERINDIKASI JUDI ONLINE,100.0,BENAR
https://www.snape-software.co.uk/,BUKAN JUDI,TIDAK TERINDIKASI JUDI ONLINE,50.21,BENAR
https://www.isomatrixx.ca/,BUKAN JUDI,TIDAK TERINDIKASI JUDI ONLINE,76.57,BENAR
https://www.caymanchem.com/,BUKAN JUDI,TIDAK TERINDIKASI JUDI ONLINE,75.62,BENAR
https://www.tek-tips.com/threadminder.cfm?pid=184,BUKAN JUDI,TIDAK TERINDIKASI JUDI ONLINE,100.0,BENAR
https://olxhadis.com/,JUDI ONLINE,TERINDIKASI JUDI ONLINE,83.08,BENAR
https://www.roberts-mart.co.uk/,BUKAN JUDI,TIDAK TERINDIKASI JUDI ONLINE,80.37,BENAR
https://hobitoto.net/,JUDI ONLINE,TERINDIKASI JUDI ONLINE,99.57,BENAR
https://pmb.sainttheresa.ac.id/plugin/?sih=DETIKBET,JUDI ONLINE,TERINDIKASI JUDI ONLINE,98.33,BENAR
https://www.tek-tips.com/threadminder.cfm?pid=14,BUKAN JUDI,TIDAK TERINDIKASI JUDI ONLINE,100.0,BENAR
https://dscorp.com/,BUKAN JUDI,TERINDIKASI JUDI ONLINE,50.26,SALAH
https://www.armia.com/,BUKAN JUDI,TIDAK TERINDIKASI JUDI ONLINE,77.47,BENAR
https://plightadvertising.com/,JUDI ONLINE,TERINDIKASI JUDI ONLINE,52.79,BENAR
https://islandtime.com/topproducersales.com/,BUKAN JUDI,TIDAK TERINDIKASI JUDI ONLINE,71.0,BENAR
http://www.reischpad.com/index.html,BUKAN JUDI,TIDAK TERINDIKASI JUDI ONLINE,86.67,BENAR
https://plazasouthfl.com/,JUDI ONLINE,TERINDIKASI JUDI ONLINE,68.17,BENAR
https://www.mulantogellogin.com/,JUDI ONLINE,TERINDIKASI JUDI ONLINE,91.0,BENAR
http://kelentechnologies.com/,BUKAN JUDI,TERINDIKASI JUDI ONLINE,66.48,SALAH
https://www.techtalkz.com/,BUKAN JUDI,TIDAK TERINDIKASI JUDI ONLINE,76.57,BENAR
https://expofranquiciasecuador.com/,JUDI ONLINE,TERINDIKASI JUDI ONLINE,98.72,BENAR
http://moonstar.com/,BUKAN JUDI,TERINDIKASI JUDI ONLINE,70.82,SALAH
https://mahajpe.cfd/,JUDI ONLINE,TERINDIKASI JUDI ONLINE,54.0,BENAR
https://www.easysoft.com/,BUKAN JUDI,TIDAK TERINDIKASI JUDI ONLINE,76.19,BENAR
https://rede.ca/,BUKAN JUDI,TIDAK TERINDIKASI JUDI ONLINE,99.6,BENAR
https://cse-ltd.co.uk/,BUKAN JUDI,TIDAK TERINDIKASI JUDI ONLINE,98.0,BENAR
https://www.b810group.it/,BUKAN JUDI,TIDAK TERINDIKASI JUDI ONLINE,89.01,BENAR
https://beseenmkt.com/,JUDI ONLINE,TERINDIKASI JUDI ONLINE,57.49,BENAR
https://www.dialindicator.com/,BUKAN JUDI,TIDAK TERINDIKASI JUDI ONLINE,100.0,BENAR
https://www.link.adirassa.com/,JUDI ONLINE,TIDAK TERINDIKASI JUDI ONLINE,99.0,SALAH
https://petirmax606.com/,JUDI ONLINE,TERINDIKASI JUDI ONLINE,100.0,BENAR
https://held-bah.com/,JUDI ONLINE,TERINDIKASI JUDI ONLINE,78.69,BENAR
https://www.reelmajor.com/,JUDI ONLINE,TIDAK TERINDIKASI JUDI ONLINE,76.57,SALAH
https://www.ocjunglebar.com/,JUDI ONLINE,TERINDIKASI JUDI ONLINE,52.41,BENAR
https://vinaizadi.com/,JUDI ONLINE,TERINDIKASI JUDI ONLINE,57.49,BENAR
https://win707.sbs/,JUDI ONLINE,TERINDIKASI JUDI ONLINE,99.5,BENAR
https://www.jobo.com/,BUKAN JUDI,TIDAK TERINDIKASI JUDI ONLINE,99.5,BENAR
https://www.abraxasenergy.com/,BUKAN JUDI,TIDAK TERINDIKASI JUDI ONLINE,100.0,BENAR
https://onwatchly.com/,JUDI ONLINE,TERINDIKASI JUDI ONLINE,57.49,BENAR
https://www.monard.com/,BUKAN JUDI,TIDAK TERINDIKASI JUDI ONLINE,100.0,BENAR
https://art-d.ca/,BUKAN JUDI,TIDAK TERINDIKASI JUDI ONLINE,83.0,BENAR
http://www.vetlab.com/,BUKAN JUDI,TIDAK TERINDIKASI JUDI ONLINE,99.83,BENAR
https://www.netsourceinc.com/,BUKAN JUDI,TIDAK TERINDIKASI JUDI ONLINE,100.0,BENAR
https://amsterdamsocial.com/,JUDI ONLINE,TERINDIKASI JUDI ONLINE,66.25,BENAR
https://rodriguezgalvan.com/wp-active/?daftar=mapstoto-link-alternatif,JUDI ONLINE,TERINDIKASI JUDI ONLINE,98.0,BENAR
https://www.w7forums.com/,BUKAN JUDI,TIDAK TERINDIKASI JUDI ONLINE,88.05,BENAR
https://americanmessaging.net/,BUKAN JUDI,TERINDIKASI JUDI ONLINE,52.79,SALAH
https://www.tek-tips.com/threadminder.cfm?pid=428,BUKAN JUDI,TIDAK TERINDIKASI JUDI ONLINE,100.0,BENAR
https://impalatravels.in/,JUDI ONLINE,TERINDIKASI JUDI ONLINE,68.17,BENAR
https://bilashinternational.com/,JUDI ONLINE,TERINDIKASI JUDI ONLINE,80.72,BENAR
https://sophiecharlottechapman.com/,JUDI ONLINE,TERINDIKASI JUDI ONLINE,98.72,BENAR
https://www.stagingresources.com/,BUKAN JUDI,TIDAK TERINDIKASI JUDI ONLINE,98.73,BENAR
https://littapeh.com/,JUDI ONLINE,TERINDIKASI JUDI ONLINE,83.08,BENAR
http://grandroyal18e.cfd/,JUDI ONLINE,TERINDIKASI JUDI ONLINE,100.0,BENAR
https://www.millersolutions.co.uk/,BUKAN JUDI,TIDAK TERINDIKASI JUDI ONLINE,58.67,BENAR
http://www.ranchcreek.com/,BUKAN JUDI,TIDAK TERINDIKASI JUDI ONLINE,99.35,BENAR
https://vikaslot.com/,JUDI ONLINE,TERINDIKASI JUDI ONLINE,99.57,BENAR
https://nrsc-am.com/,BUKAN JUDI,TIDAK TERINDIKASI JUDI ONLINE,69.23,BENAR
https://www.qts-ltd.com/,BUKAN JUDI,TIDAK TERINDIKASI JUDI ONLINE,97.43,BENAR
https://kapak4d.net/,JUDI ONLINE,TERINDIKASI JUDI ONLINE,92.59,BENAR
https://www.tek-tips.com/threadminder.cfm?pid=209,BUKAN JUDI,TIDAK TERINDIKASI JUDI ONLINE,100.0,BENAR
https://thegriffinssociety.org/,JUDI ONLINE,TIDAK TERINDIKASI JUDI ONLINE,82.93,SALAH
https://alexistoto188.com/,JUDI ONLINE,TERINDIKASI JUDI ONLINE,99.86,BENAR
https://toptogele.cfd/,JUDI ONLINE,TERINDIKASI JUDI ONLINE,100.0,BENAR
https://cyberwurx.com/,BUKAN JUDI,TERINDIKASI JUDI ONLINE,57.49,SALAH
https://www.danenet.org/,BUKAN JUDI,TIDAK TERINDIKASI JUDI ONLINE,82.96,BENAR
https://www.firstcoastptcruisers.org/,BUKAN JUDI,TIDAK TERINDIKASI JUDI ONLINE,89.58,BENAR
https://www.locl.net/,BUKAN JUDI,TIDAK TERINDIKASI JUDI ONLINE,99.5,BENAR
https://metrototoe.cfd/,JUDI ONLINE,TERINDIKASI JUDI ONLINE,100.0,BENAR
http://wiseestimatingllc.com/,JUDI ONLINE,TERINDIKASI JUDI ONLINE,66.48,BENAR
https://webprofessionals.org/,BUKAN JUDI,TIDAK TERINDIKASI JUDI ONLINE,73.3,BENAR
https://mcdvoicesurvey.onl/,JUDI ONLINE,TERINDIKASI JUDI ONLINE,79.64,BENAR
http://kupangtogel.online/,JUDI ONLINE,TERINDIKASI JUDI ONLINE,99.33,BENAR
http://www.gansink.com/,BUKAN JUDI,TIDAK TERINDIKASI JUDI ONLINE,99.67,BENAR
https://hayvanbeslemeuzmani.com/,JUDI ONLINE,TERINDIKASI JUDI ONLINE,80.72,BENAR
http://hmslot99f.com.chaisenlaikoi.com/,JUDI ONLINE,TERINDIKASI JUDI ONLINE,98.0,BENAR
https://docs.cordite.foundation/en/latest/,JUDI ONLINE,TERINDIKASI JUDI ONLINE,81.0,BENAR
https://atctower.com/,BUKAN JUDI,TERINDIKASI JUDI ONLINE,83.08,SALAH
https://360concretellc.com/toto-12-jitu,JUDI ONLINE,TERINDIKASI JUDI ONLINE,98.0,BENAR
https://www.pacificconnexion.com/new2/,BUKAN JUDI,TERINDIKASI JUDI ONLINE,82.6,SALAH
https://www.tek-tips.com/threadminder.cfm?pid=434,BUKAN JUDI,TIDAK TERINDIKASI JUDI ONLINE,100.0,BENAR
https://350bitcoin.info/html/bittorrent-news-crypto-20487/,JUDI ONLINE,TERINDIKASI JUDI ONLINE,96.0,BENAR
http://capitalbedrooms.co.uk/,JUDI ONLINE,TIDAK TERINDIKASI JUDI ONLINE,100.0,SALAH
https://www.aeqsa.com/,JUDI ONLINE,TIDAK TERINDIKASI JUDI ONLINE,77.47,SALAH
http://pororom.com/,JUDI ONLINE,TERINDIKASI JUDI ONLINE,85.76,BENAR
https://ayokiukiu.com/,JUDI ONLINE,TERINDIKASI JUDI ONLINE,57.49,BENAR
https://www.asynchronsystems.com/,BUKAN JUDI,TIDAK TERINDIKASI JUDI ONLINE,98.73,BENAR
https://www.akinsmachinery.com/,BUKAN JUDI,TIDAK TERINDIKASI JUDI ONLINE,100.0,BENAR
https://www.bnswebcreations.com/,BUKAN JUDI,TIDAK TERINDIKASI JUDI ONLINE,100.0,BENAR
https://www.outfittersatellite.com/,BUKAN JUDI,TIDAK TERINDIKASI JUDI ONLINE,90.93,BENAR
https://dataloggerinc.com/,BUKAN JUDI,TIDAK TERINDIKASI JUDI ONLINE,53.79,BENAR
https://usavacations.net/,JUDI ONLINE,TERINDIKASI JUDI ONLINE,68.17,BENAR
http://njmug.org/,BUKAN JUDI,TIDAK TERINDIKASI JUDI ONLINE,81.95,BENAR
https://congtoge.com/,JUDI ONLINE,TERINDIKASI JUDI ONLINE,83.08,BENAR
https://energyequipment.com/,BUKAN JUDI,TERINDIKASI JUDI ONLINE,66.25,SALAH
https://cedarspringsranchairbnb.com/,JUDI ONLINE,TERINDIKASI JUDI ONLINE,99.8,BENAR
http://webismin.com/,JUDI ONLINE,TERINDIKASI JUDI ONLINE,70.82,BENAR
https://www.tek-tips.com/threadminder.cfm?pid=619,BUKAN JUDI,TIDAK TERINDIKASI JUDI ONLINE,100.0,BENAR
https://56xbetonline.com/,JUDI ONLINE,TERINDIKASI JUDI ONLINE,98.0,BENAR
https://wb2btalkradio.com/,JUDI ONLINE,TERINDIKASI JUDI ONLINE,96.52,BENAR
https://kotapparel.com/,JUDI ONLINE,TERINDIKASI JUDI ONLINE,76.1,BENAR
https://firstprioritytampa.com/,JUDI ONLINE,TIDAK TERINDIKASI JUDI ONLINE,82.93,SALAH
https://springfieldfarmscarts.com/springfieldfarmscarts/,JUDI ONLINE,TERINDIKASI JUDI ONLINE,86.0,BENAR
https://www.pinpoint.ltd.uk/,BUKAN JUDI,TIDAK TERINDIKASI JUDI ONLINE,96.0,BENAR
https://vnustravel.com/,JUDI ONLINE,TERINDIKASI JUDI ONLINE,76.1,BENAR
https://www.cellutron.com/,BUKAN JUDI,TIDAK TERINDIKASI JUDI ONLINE,76.57,BENAR
https://jeus138e.cfd/,JUDI ONLINE,TERINDIKASI JUDI ONLINE,100.0,BENAR
https://mexicanfoodaustralia.com/,JUDI ONLINE,TERINDIKASI JUDI ONLINE,77.73,BENAR
https://enterbook.com/id/?resource_id=MONATA189,JUDI ONLINE,TERINDIKASI JUDI ONLINE,80.0,BENAR
https://dewazeus4d.site.trikcuan88.com/,JUDI ONLINE,TERINDIKASI JUDI ONLINE,98.5,BENAR
http://jeanyvesbilien.com.seoabalabal.com/,JUDI ONLINE,TERINDIKASI JUDI ONLINE,97.0,BENAR
https://www.tacopizzagrill.com/order,JUDI ONLINE,TERINDIKASI JUDI ONLINE,80.0,BENAR
https://summitsustainability.eu/,JUDI ONLINE,TERINDIKASI JUDI ONLINE,80.72,BENAR
https://nagabolaeropa.com.seonaga138.com/,JUDI ONLINE,TERINDIKASI JUDI ONLINE,100.0,BENAR
https://www.vnetsoftware.com/,BUKAN JUDI,TIDAK TERINDIKASI JUDI ONLINE,100.0,BENAR
https://www.nyswrc.org/,BUKAN JUDI,TIDAK TERINDIKASI JUDI ONLINE,100.0,BENAR
https://www.windowsobserver.com/,BUKAN JUDI,TIDAK TERINDIKASI JUDI ONLINE,100.0,BENAR
https://ino16.com.acchawkhost.com/,JUDI ONLINE,TERINDIKASI JUDI ONLINE,89.7,BENAR
http://k86c.cfd/,JUDI ONLINE,TERINDIKASI JUDI ONLINE,84.0,BENAR
https://rajadepo77.com/,JUDI ONLINE,TERINDIKASI JUDI ONLINE,100.0,BENAR
https://sternpinball.com/,BUKAN JUDI,TERINDIKASI JUDI ONLINE,68.17,SALAH
https://petitesmarmites.com/,JUDI ONLINE,TERINDIKASI JUDI ONLINE,66.25,BENAR
https://www.hadek.com/,BUKAN JUDI,TIDAK TERINDIKASI JUDI ONLINE,77.47,BENAR
https://lpc-world.com/,BUKAN JUDI,TERINDIKASI JUDI ONLINE,70.88,SALAH
https://www.verifyglobal.com/,BUKAN JUDI,TIDAK TERINDIKASI JUDI ONLINE,100.0,BENAR
https://www.triaster.co.uk/,BUKAN JUDI,TIDAK TERINDIKASI JUDI ONLINE,98.75,BENAR
http://www.cvc.net/,BUKAN JUDI,TIDAK TERINDIKASI JUDI ONLINE,100.0,BENAR
https://www.tek-tips.com/threadminder.cfm?pid=1,BUKAN JUDI,TIDAK TERINDIKASI JUDI ONLINE,100.0,BENAR
http://cosmicslots.sbs/,JUDI ONLINE,TERINDIKASI JUDI ONLINE,100.0,BENAR
https://earth.labtop.com/,BUKAN JUDI,TIDAK TERINDIKASI JUDI ONLINE,76.19,BENAR
https://www.duncanrogers.com/,BUKAN JUDI,TIDAK TERINDIKASI JUDI ONLINE,100.0,BENAR
https://cfsk.org/,BUKAN JUDI,TIDAK TERINDIKASI JUDI ONLINE,99.27,BENAR
http://www.a-and-t-labs.com/,BUKAN JUDI,TIDAK TERINDIKASI JUDI ONLINE,97.0,BENAR
https://slotnaga.jaunequicktoseesmith.org/,JUDI ONLINE,TERINDIKASI JUDI ONLINE,98.0,BENAR
http://perthdronefishing.com/,JUDI ONLINE,TERINDIKASI JUDI ONLINE,66.48,BENAR
https://tribunnewspekanbaru.com/,JUDI ONLINE,TERINDIKASI JUDI ONLINE,80.72,BENAR
http://www.justinhurtadojr.com/,BUKAN JUDI,TIDAK TERINDIKASI JUDI ONLINE,100.0,BENAR
https://www.tr.kojo2006.com/,JUDI ONLINE,TERINDIKASI JUDI ONLINE,88.0,BENAR
https://www.assmsb.com/,BUKAN JUDI,TIDAK TERINDIKASI JUDI ONLINE,100.0,BENAR
https://ledakwin288.art/,JUDI ONLINE,TERINDIKASI JUDI ONLINE,100.0,BENAR
https://mengaji.org/,JUDI ONLINE,TERINDIKASI JUDI ONLINE,54.0,BENAR
https://www.brassfounders.com/,BUKAN JUDI,TIDAK TERINDIKASI JUDI ONLINE,100.0,BENAR
https://www.technicalactiongroup.ca/,BUKAN JUDI,TIDAK TERINDIKASI JUDI ONLINE,93.25,BENAR
https://mymsdlogin.com/,JUDI ONLINE,TERINDIKASI JUDI ONLINE,76.1,BENAR
https://www.tek-tips.com/threadminder.cfm?pid=5,BUKAN JUDI,TIDAK TERINDIKASI JUDI ONLINE,100.0,BENAR
http://www.magicpubs.com/mac/macosx.html,BUKAN JUDI,TIDAK TERINDIKASI JUDI ONLINE,76.0,BENAR
https://servicestrategies.com/,BUKAN JUDI,TERINDIKASI JUDI ONLINE,52.79,SALAH
https://www.sqc.com.my/,BUKAN JUDI,TIDAK TERINDIKASI JUDI ONLINE,100.0,BENAR
https://www.cyemptive.com/,BUKAN JUDI,TIDAK TERINDIKASI JUDI ONLINE,76.57,BENAR
https://highlandccofamarillo.org/,JUDI ONLINE,TERINDIKASI JUDI ONLINE,77.73,BENAR
http://www.swav.net/,BUKAN JUDI,TIDAK TERINDIKASI JUDI ONLINE,100.0,BENAR
https://musimslotc.cfd/,JUDI ONLINE,TERINDIKASI JUDI ONLINE,100.0,BENAR
https://mcmbolaslot.xyz/,JUDI ONLINE,TERINDIKASI JUDI ONLINE,100.0,BENAR
https://laskartogel.alkapro.sch.id/,JUDI ONLINE,TERINDIKASI JUDI ONLINE,96.5,BENAR
https://sekubang.desa.id/aww/?sori=18TOTO,JUDI ONLINE,TERINDIKASI JUDI ONLINE,96.0,BENAR
https://www.tek-tips.com/threadminder.cfm?pid=8,BUKAN JUDI,TIDAK TERINDIKASI JUDI ONLINE,100.0,BENAR
https://garcia-dwyer.com/,JUDI ONLINE,TERINDIKASI JUDI ONLINE,91.36,BENAR
https://www.stargatesound.ca/,BUKAN JUDI,TIDAK TERINDIKASI JUDI ONLINE,100.0,BENAR
https://79jago.com/,JUDI ONLINE,TERINDIKASI JUDI ONLINE,99.5,BENAR
http://www.wtc.ab.ca/,BUKAN JUDI,TIDAK TERINDIKASI JUDI ONLINE,98.06,BENAR
https://hodgsonsealants.com/,BUKAN JUDI,TERINDIKASI JUDI ONLINE,66.25,SALAH
https://secure.torinocapecod.com/pafiwatampone.org/,JUDI ONLINE,TERINDIKASI JUDI ONLINE,65.5,BENAR
https://idna-converter.com/,JUDI ONLINE,TERINDIKASI JUDI ONLINE,94.62,BENAR
https://www.thermofisher.com/jp/ja/home/brands/invitrogen/ambion.html,BUKAN JUDI,TIDAK TERINDIKASI JUDI ONLINE,60.0,BENAR
https://www.elegantmicroweb.com/,BUKAN JUDI,TIDAK TERINDIKASI JUDI ONLINE,100.0,BENAR
https://fortunetechnologies.com/,BUKAN JUDI,TERINDIKASI JUDI ONLINE,80.72,SALAH
https://www.reading-computers.co.uk/,BUKAN JUDI,TIDAK TERINDIKASI JUDI ONLINE,80.17,BENAR
https://www.seafloorsystems.com/,BUKAN JUDI,TIDAK TERINDIKASI JUDI ONLINE,100.0,BENAR
https://www.psangelus.com/,BUKAN JUDI,TIDAK TERINDIKASI JUDI ONLINE,76.57,BENAR
https://jurnalilmu.com/,JUDI ONLINE,TERINDIKASI JUDI ONLINE,76.1,BENAR
https://golfclubratings.com.pjkps.com/,JUDI ONLINE,TERINDIKASI JUDI ONLINE,57.25,BENAR
http://www.solventsystems.com/,BUKAN JUDI,TIDAK TERINDIKASI JUDI ONLINE,100.0,BENAR
https://mike4rep.com/,JUDI ONLINE,TERINDIKASI JUDI ONLINE,99.8,BENAR
https://www.gdsfreight.com/?web_id=GEMINI99,JUDI ONLINE,TERINDIKASI JUDI ONLINE,78.33,BENAR
https://ecomaterial.com/,BUKAN JUDI,TERINDIKASI JUDI ONLINE,78.51,SALAH
https://userselot.com/,JUDI ONLINE,TERINDIKASI JUDI ONLINE,57.49,BENAR
http://www.trancon.com/,BUKAN JUDI,TIDAK TERINDIKASI JUDI ONLINE,99.67,BENAR
https://greennet.ca/,BUKAN JUDI,TERINDIKASI JUDI ONLINE,54.0,SALAH
https://savemytumor.org/,JUDI ONLINE,TERINDIKASI JUDI ONLINE,78.51,BENAR
https://bnltech.com/lander,BUKAN JUDI,TIDAK TERINDIKASI JUDI ONLINE,50.2,BENAR
https://soberwithkat.com/,JUDI ONLINE,TERINDIKASI JUDI ONLINE,68.17,BENAR
http://www.proirb.com/,BUKAN JUDI,TIDAK TERINDIKASI JUDI ONLINE,99.83,BENAR
http://elbutron.com/,JUDI ONLINE,TERINDIKASI JUDI ONLINE,70.82,BENAR
https://wiki.linux-ottawa.org/doku.php?id=start,BUKAN JUDI,TIDAK TERINDIKASI JUDI ONLINE,79.5,BENAR
https://mantapbos.it.com/,JUDI ONLINE,TIDAK TERINDIKASI JUDI ONLINE,76.19,SALAH
https://gototoslots.com/robots.txt,JUDI ONLINE,TERINDIKASI JUDI ONLINE,96.0,BENAR
https://laneit.com/,BUKAN JUDI,TERINDIKASI JUDI ONLINE,50.26,SALAH
https://ecotint.mx/,JUDI ONLINE,TERINDIKASI JUDI ONLINE,50.26,BENAR
https://bandardunia.com/,JUDI ONLINE,TERINDIKASI JUDI ONLINE,78.51,BENAR
https://www.trampoline.getairsalem.com/,JUDI ONLINE,TERINDIKASI JUDI ONLINE,87.17,BENAR
https://transfer-motorola-recovery.com/beli-komputer/,JUDI ONLINE,TERINDIKASI JUDI ONLINE,94.0,BENAR
https://527bitcoin.info/br/gmail-bitcoin-50255/,JUDI ONLINE,TERINDIKASI JUDI ONLINE,93.0,BENAR
https://asiawin823.com/,JUDI ONLINE,TERINDIKASI JUDI ONLINE,100.0,BENAR
https://kgcha.com.situs-pro.link/,JUDI ONLINE,TIDAK TERINDIKASI JUDI ONLINE,50.21,SALAH
https://www.pmtvib.com/,BUKAN JUDI,TIDAK TERINDIKASI JUDI ONLINE,100.0,BENAR
https://www.tek-tips.com/threadminder.cfm?pid=25,BUKAN JUDI,TIDAK TERINDIKASI JUDI ONLINE,100.0,BENAR
https://www.tek-tips.com/threadminder.cfm?pid=391,BUKAN JUDI,TIDAK TERINDIKASI JUDI ONLINE,100.0,BENAR
https://qa.eeonline.org/index,JUDI ONLINE,TERINDIKASI JUDI ONLINE,75.53,BENAR
https://law.labschoolunnes.sch.id/,JUDI ONLINE,TIDAK TERINDIKASI JUDI ONLINE,58.67,SALAH
https://www.adspipe.com/sustainability,BUKAN JUDI,TIDAK TERINDIKASI JUDI ONLINE,75.27,BENAR
https://esrgc.org/,BUKAN JUDI,TIDAK TERINDIKASI JUDI ONLINE,97.28,BENAR
https://www.nicomit.com/,BUKAN JUDI,TIDAK TERINDIKASI JUDI ONLINE,82.96,BENAR
https://eventpp.com/,JUDI ONLINE,TERINDIKASI JUDI ONLINE,54.0,BENAR
https://ulartogele.cfd/,JUDI ONLINE,TERINDIKASI JUDI ONLINE,100.0,BENAR
http://www.soundsculpture.com/,BUKAN JUDI,TIDAK TERINDIKASI JUDI ONLINE,100.0,BENAR
https://www.americanhelpdesk.com/,BUKAN JUDI,TIDAK TERINDIKASI JUDI ONLINE,98.73,BENAR
https://www.broncozone.com/,BUKAN JUDI,TIDAK TERINDIKASI JUDI ONLINE,75.62,BENAR
https://www.prophet-web.com/,BUKAN JUDI,TIDAK TERINDIKASI JUDI ONLINE,87.38,BENAR
https://nationalchampionships-road.com/,JUDI ONLINE,TERINDIKASI JUDI ONLINE,95.0,BENAR
https://www.traer.net/,BUKAN JUDI,TIDAK TERINDIKASI JUDI ONLINE,77.47,BENAR
http://www.megaphoneco.com/,BUKAN JUDI,TIDAK TERINDIKASI JUDI ONLINE,95.47,BENAR
https://distilleryheritage.com/,JUDI ONLINE,TIDAK TERINDIKASI JUDI ONLINE,82.93,SALAH
https://www.hobartbrothers.com/,BUKAN JUDI,TIDAK TERINDIKASI JUDI ONLINE,100.0,BENAR
https://www.turniton.co.uk/,BUKAN JUDI,TIDAK TERINDIKASI JUDI ONLINE,98.75,BENAR
https://www.tek-tips.com/threadminder.cfm?pid=83,BUKAN JUDI,TIDAK TERINDIKASI JUDI ONLINE,100.0,BENAR
https://serviceapartmentsvasantvihar.com/,JUDI ONLINE,TERINDIKASI JUDI ONLINE,99.8,BENAR
https://spotbet88.org/,JUDI ONLINE,TERINDIKASI JUDI ONLINE,100.0,BENAR
https://www.stormcomputer.com/,BUKAN JUDI,TIDAK TERINDIKASI JUDI ONLINE,100.0,BENAR
https://herbalexplorer.com/,JUDI ONLINE,TERINDIKASI JUDI ONLINE,79.64,BENAR
http://host2.bakingworld.id/,JUDI ONLINE,TERINDIKASI JUDI ONLINE,51.0,BENAR
https://agriasiadc.com.tw/wap/?id=s8toto,JUDI ONLINE,TERINDIKASI JUDI ONLINE,100.0,BENAR
https://www.ygtc.com/,BUKAN JUDI,TIDAK TERINDIKASI JUDI ONLINE,99.5,BENAR
https://www.gtghydroponics.com/,BUKAN JUDI,TIDAK TERINDIKASI JUDI ONLINE,100.0,BENAR
https://www.aditech.co.uk/,BUKAN JUDI,TIDAK TERINDIKASI JUDI ONLINE,100.0,BENAR
https://trustcanada-sa.net/,JUDI ONLINE,TERINDIKASI JUDI ONLINE,94.62,BENAR
https://www.technicongres.ch/,BUKAN JUDI,TIDAK TERINDIKASI JUDI ONLINE,100.0,BENAR
https://www.comoxvalleyschools.ca/,BUKAN JUDI,TIDAK TERINDIKASI JUDI ONLINE,74.8,BENAR
https://www.oki.com/us/printing/index.html,BUKAN JUDI,TIDAK TERINDIKASI JUDI ONLINE,90.0,BENAR
https://www.tek-tips.com/threadminder.cfm?pid=205,BUKAN JUDI,TIDAK TERINDIKASI JUDI ONLINE,100.0,BENAR
https://www.acabimport.com/,JUDI ONLINE,TIDAK TERINDIKASI JUDI ONLINE,75.62,SALAH
https://www.jolibatrust.org.uk/,BUKAN JUDI,TIDAK TERINDIKASI JUDI ONLINE,97.5,BENAR
https://zouyawen.top/,JUDI ONLINE,TERINDIKASI JUDI ONLINE,83.08,BENAR
https://www.bv-auctions.com/slot/?q=OLXTOTO%20BANDAR%20TOGEL%20TERPERCAYA,JUDI ONLINE,TERINDIKASI JUDI ONLINE,95.0,BENAR
https://clouday.es/,JUDI ONLINE,TERINDIKASI JUDI ONLINE,50.26,BENAR
https://supertoto88.org/,JUDI ONLINE,TERINDIKASI JUDI ONLINE,100.0,BENAR
https://kilau4d.net/,JUDI ONLINE,TERINDIKASI JUDI ONLINE,92.59,BENAR
https://www.getedtabletsonline.com.okebanget.xyz/,JUDI ONLINE,TERINDIKASI JUDI ONLINE,100.0,BENAR
https://www.pcpartners.co.uk/,BUKAN JUDI,TIDAK TERINDIKASI JUDI ONLINE,99.0,BENAR
http://evolutionofstyle.com/,JUDI ONLINE,TERINDIKASI JUDI ONLINE,60.08,BENAR
https://osototo-login.smayapis-manokwari.sch.id/,JUDI ONLINE,TERINDIKASI JUDI ONLINE,100.0,BENAR
https://www.pinnacleprotectors.online.adamsmillerlaw.com/,JUDI ONLINE,TERINDIKASI JUDI ONLINE,100.0,BENAR
https://mecanicasolutions.com/en/,BUKAN JUDI,TIDAK TERINDIKASI JUDI ONLINE,72.63,BENAR
https://www.normannstaffing.com/,BUKAN JUDI,TIDAK TERINDIKASI JUDI ONLINE,100.0,BENAR
https://www.groundwatermodels.com/,BUKAN JUDI,TIDAK TERINDIKASI JUDI ONLINE,74.8,BENAR
https://www.tek-tips.com/threadminder.cfm?pid=219,BUKAN JUDI,TIDAK TERINDIKASI JUDI ONLINE,100.0,BENAR
https://www.zenzero.co.uk/,BUKAN JUDI,TIDAK TERINDIKASI JUDI ONLINE,100.0,BENAR
https://www.alpha-technologies.com/,BUKAN JUDI,TIDAK TERINDIKASI JUDI ONLINE,97.5,BENAR
https://nerdytechs.com/,BUKAN JUDI,TERINDIKASI JUDI ONLINE,76.1,SALAH
https://bway.net/,BUKAN JUDI,TIDAK TERINDIKASI JUDI ONLINE,99.27,BENAR
https://www.gogogeek.ca/,BUKAN JUDI,TIDAK TERINDIKASI JUDI ONLINE,82.96,BENAR
https://www.pennylane.co.uk/,BUKAN JUDI,TIDAK TERINDIKASI JUDI ONLINE,96.0,BENAR
https://www.biolegio.com/,BUKAN JUDI,TIDAK TERINDIKASI JUDI ONLINE,76.19,BENAR
https://www.babymonitorsdirect.co.uk/,BUKAN JUDI,TIDAK TERINDIKASI JUDI ONLINE,57.5,BENAR
https://weldwell.co.nz/,BUKAN JUDI,TIDAK TERINDIKASI JUDI ONLINE,100.0,BENAR
https://www.cornishhottubs.co.uk/,BUKAN JUDI,TIDAK TERINDIKASI JUDI ONLINE,95.83,BENAR
https://www.abielectronics.co.uk/,BUKAN JUDI,TIDAK TERINDIKASI JUDI ONLINE,95.83,BENAR
https://www.tek-tips.com/threadminder.cfm?pid=177,BUKAN JUDI,TIDAK TERINDIKASI JUDI ONLINE,100.0,BENAR
http://universeonlinestore.in/,JUDI ONLINE,TERINDIKASI JUDI ONLINE,59.28,BENAR
http://omofitness.com/,JUDI ONLINE,TERINDIKASI JUDI ONLINE,82.56,BENAR
https://www.advent-inc.com/,BUKAN JUDI,TIDAK TERINDIKASI JUDI ONLINE,94.32,BENAR
https://beritajuang.com/,JUDI ONLINE,TERINDIKASI JUDI ONLINE,78.51,BENAR
http://www.sharpedecisions.com/,BUKAN JUDI,TIDAK TERINDIKASI JUDI ONLINE,100.0,BENAR
https://enterprisedt.com/,BUKAN JUDI,TERINDIKASI JUDI ONLINE,68.17,SALAH
https://salamjptogel.net/,JUDI ONLINE,TERINDIKASI JUDI ONLINE,100.0,BENAR
http://diabtronic.com.blackdiamondheavies.media/,JUDI ONLINE,TERINDIKASI JUDI ONLINE,98.0,BENAR
https://siokambing1s.cfd/,JUDI ONLINE,TERINDIKASI JUDI ONLINE,93.99,BENAR
https://next1221.online/shop-beli-laptop/,JUDI ONLINE,TERINDIKASI JUDI ONLINE,95.0,BENAR
https://e-book.smpn5sby.sch.id/,JUDI ONLINE,TERINDIKASI JUDI ONLINE,86.0,BENAR
https://hollywoodracks.com/,BUKAN JUDI,TERINDIKASI JUDI ONLINE,79.64,SALAH
https://www.kelastiktok.com.biji88.me/,JUDI ONLINE,TERINDIKASI JUDI ONLINE,94.5,BENAR
https://www.dartcom.co.uk/home,BUKAN JUDI,TIDAK TERINDIKASI JUDI ONLINE,95.0,BENAR
https://hadirtoto.xyz/,JUDI ONLINE,TERINDIKASI JUDI ONLINE,100.0,BENAR
http://www.albabiogroup.com/,BUKAN JUDI,TIDAK TERINDIKASI JUDI ONLINE,96.5,BENAR
http://beto4d.org/,JUDI ONLINE,TERINDIKASI JUDI ONLINE,90.0,BENAR
http://www.pcmachelp.com/,BUKAN JUDI,TIDAK TERINDIKASI JUDI ONLINE,99.67,BENAR
https://www.scanace.com/,BUKAN JUDI,TIDAK TERINDIKASI JUDI ONLINE,82.96,BENAR
https://www.cybercity.nyc/,BUKAN JUDI,TIDAK TERINDIKASI JUDI ONLINE,76.57,BENAR
https://www.avantbuild.com.au/wp-active/?daftar=kargo-toto,JUDI ONLINE,TERINDIKASI JUDI ONLINE,99.0,BENAR
https://www.airit.co.uk/it-support-london/,BUKAN JUDI,TIDAK TERINDIKASI JUDI ONLINE,72.08,BENAR
https://www.silverspoonnyc.com.drwuthailand.com/,JUDI ONLINE,TERINDIKASI JUDI ONLINE,100.0,BENAR
http://www.quickscan.net/,BUKAN JUDI,TIDAK TERINDIKASI JUDI ONLINE,99.67,BENAR
https://hobodrifter.com/download/Breakthrough_Rapid_Reading.pdf,JUDI ONLINE,TERINDIKASI JUDI ONLINE,86.0,BENAR
https://www.foodcentrewales.org.uk/,BUKAN JUDI,TIDAK TERINDIKASI JUDI ONLINE,83.55,BENAR
http://salisbury.net/,BUKAN JUDI,TIDAK TERINDIKASI JUDI ONLINE,71.1,BENAR
https://mail.protego.id/,JUDI ONLINE,TIDAK TERINDIKASI JUDI ONLINE,82.96,SALAH
https://dotfoil.com/,BUKAN JUDI,TERINDIKASI JUDI ONLINE,54.0,SALAH
https://monitech.com.au/,BUKAN JUDI,TIDAK TERINDIKASI JUDI ONLINE,82.96,BENAR
https://www.expowork.gr/,BUKAN JUDI,TIDAK TERINDIKASI JUDI ONLINE,82.96,BENAR
http://www.etwebsite.com/,BUKAN JUDI,TIDAK TERINDIKASI JUDI ONLINE,99.67,BENAR
https://milolockhart.com/,JUDI ONLINE,TERINDIKASI JUDI ONLINE,68.17,BENAR
https://www.mikigaming.beauty/,JUDI ONLINE,TERINDIKASI JUDI ONLINE,87.0,BENAR
https://turkitoto.ink/,JUDI ONLINE,TERINDIKASI JUDI ONLINE,100.0,BENAR
https://classyproduction.id/,JUDI ONLINE,TERINDIKASI JUDI ONLINE,66.25,BENAR
https://www.aquadyne.com/,BUKAN JUDI,TIDAK TERINDIKASI JUDI ONLINE,76.19,BENAR
https://adour.in/,JUDI ONLINE,TIDAK TERINDIKASI JUDI ONLINE,99.27,SALAH
https://mbahsukro.shop/,JUDI ONLINE,TERINDIKASI JUDI ONLINE,76.1,BENAR
http://pixiubet.org/,JUDI ONLINE,TERINDIKASI JUDI ONLINE,98.5,BENAR
https://www.pluggerlift.com/product/patin-electrico-crown-40gpw-4-14/,JUDI ONLINE,TERINDIKASI JUDI ONLINE,86.0,BENAR
https://www.barkweb.co.uk/,BUKAN JUDI,TIDAK TERINDIKASI JUDI ONLINE,100.0,BENAR
https://www.ittia.com/,BUKAN JUDI,TIDAK TERINDIKASI JUDI ONLINE,77.47,BENAR
https://www.daviscomms.com.sg/,BUKAN JUDI,TIDAK TERINDIKASI JUDI ONLINE,99.0,BENAR
https://qqcashe.cfd/,JUDI ONLINE,TERINDIKASI JUDI ONLINE,54.0,BENAR
http://www.farmsinternational.com/,BUKAN JUDI,TIDAK TERINDIKASI JUDI ONLINE,100.0,BENAR
https://jaguar77.net/,JUDI ONLINE,TERINDIKASI JUDI ONLINE,100.0,BENAR
https://www.digitalred.com/,BUKAN JUDI,TIDAK TERINDIKASI JUDI ONLINE,75.62,BENAR
https://floridalicenseplatesearch.com/,JUDI ONLINE,TERINDIKASI JUDI ONLINE,99.8,BENAR
https://www.tek-tips.com/threadminder.cfm?pid=194,BUKAN JUDI,TIDAK TERINDIKASI JUDI ONLINE,100.0,BENAR
http://www.aerosupport.aero/,BUKAN JUDI,TIDAK TERINDIKASI JUDI ONLINE,96.5,BENAR
http://www.aasdt.com/statistics/mlr.html,BUKAN JUDI,TIDAK TERINDIKASI JUDI ONLINE,90.0,BENAR
https://www.tek-tips.com/threadminder.cfm?pid=557,BUKAN JUDI,TIDAK TERINDIKASI JUDI ONLINE,100.0,BENAR
https://ortculture.org/,JUDI ONLINE,TERINDIKASI JUDI ONLINE,76.1,BENAR
http://topwdhermes.com/,JUDI ONLINE,TERINDIKASI JUDI ONLINE,94.3,BENAR
https://www.clarkecountyanimalhospital.com/meet-our-team,JUDI ONLINE,TERINDIKASI JUDI ONLINE,93.0,BENAR
https://www.tek-tips.com/threadminder.cfm?pid=23,BUKAN JUDI,TIDAK TERINDIKASI JUDI ONLINE,100.0,BENAR
https://haushomeandgift.com/,JUDI ONLINE,TERINDIKASI JUDI ONLINE,66.25,BENAR
https://www.tek-tips.com/threadminder.cfm?pid=935,BUKAN JUDI,TIDAK TERINDIKASI JUDI ONLINE,100.0,BENAR
http://satriatotoc.cfd/,JUDI ONLINE,TERINDIKASI JUDI ONLINE,100.0,BENAR
https://kromaton.com/en/,BUKAN JUDI,TIDAK TERINDIKASI JUDI ONLINE,78.95,BENAR
https://www.liveadmins.com/,BUKAN JUDI,TIDAK TERINDIKASI JUDI ONLINE,75.62,BENAR
https://ligareceh.bet/,JUDI ONLINE,TERINDIKASI JUDI ONLINE,100.0,BENAR
https://www.lmsoft.com/en/,BUKAN JUDI,TIDAK TERINDIKASI JUDI ONLINE,92.25,BENAR
https://freehay.com.link-gawat138.com/,JUDI ONLINE,TERINDIKASI JUDI ONLINE,91.5,BENAR
https://futures-alliance.com/video/?r4shub=wede388,JUDI ONLINE,TERINDIKASI JUDI ONLINE,91.0,BENAR
https://savemytumor.net/,JUDI ONLINE,TERINDIKASI JUDI ONLINE,78.51,BENAR
https://www.awael-sy.com/MD/?web_id=S8TOTO,JUDI ONLINE,TERINDIKASI JUDI ONLINE,93.0,BENAR
https://www.colibrirealestate.com/,BUKAN JUDI,TIDAK TERINDIKASI JUDI ONLINE,74.8,BENAR
https://envitech.co.uk/,BUKAN JUDI,TIDAK TERINDIKASI JUDI ONLINE,100.0,BENAR
http://bri3d.net/,JUDI ONLINE,TERINDIKASI JUDI ONLINE,60.4,BENAR
