url,label
https://www.abcam.com/,0
https://www.keycurriculum.com/,0
http://mega111-online.com/,1
https://www.phadebas.com/,0
http://uglousea.com/,1
https://lovinglifeover50.com/,1
https://risingline.com/,0
https://jpnesia33.ink/,1
https://www.taleworlds.com/,0
https://pmb.sainttheresa.ac.id/plugin/?sih=trans4d,1
https://pathfinderbuzz.com/,1
https://www.ricoh.ie/,0
https://www.bookpunks.com/,1
https://rapitogel.org/,1
https://main.smkn2kediri.sch.id/,1
https://rajas.sman1wanaraya.sch.id/,1
http://www.unitechelectronics.com/,0
https://ltc.ru/,0
https://txcharterschools.org/,0
https://www.tek-tips.com/threadminder.cfm?pid=1177,0
https://cloud.eeonline.org/pafiwatampone.org/,1
https://www.acountforcheckads.xyz/,1
https://tmtv.net/,0
https://cryogel.com/,0
https://caprialbum.com/,1
https://workingsolutions.com/,0
https://hsfservice.net/advertise-here,1
http://www.gcaviation.com/,0
https://www.heartshomebrew.com/,0
http://tisasusaguns.com/,1
https://spectraquest.com/,0
https://indovegas99daftar.com/,1
https://www.nixsolutions.com/,0
https://mpmwinc.cfd/,1
https://www.cosmic.org.uk/,0
https://ultraoptica.com.adamsmillerlaw.com/,1
https://mikigaming.vip/,1
https://www.sentinel-laboratories.com/,0
https://togel125.com/,1
https://vin777.quest/,1
https://www.scotforge.com/,0
https://rlorimer.com.pemain86slot.com/,1
https://withinreachsupplychain.com/wp-active/?daftar=kenzo168-rtp,1
https://capcut.or.id/,1
https://lol4dsite.com/,1
https://www.naysi.com/,0
https://810bitcoin.info/,1
https://vincihoteles.com/,1
https://areaguidebook.com/,1
https://teatromaestranza.com/,1
https://spredgar.com/,1
http://www.cougarmtnsupport.com/cgi-sys/suspendedpage.cgi,0
https://www.puzzlepirates.com/,0
https://togel178.host/baju-muslim-wanita/,1
https://asyouneed.com/,0
https://kenzototo.net/,1
https://blueprof.ca/,0
https://rebusinstitute.com/,1
https://tadalissx.store/,1
https://tritonbrewing.com/bistro/,1
https://getatogel.net/,1
https://slwt.org/,0
https://computerhelpforums.com/,0
https://modalkuota.com.nagaccasli.in/,1
https://sumo168c.cfd/,1
https://christinarjones.name/,1
https://www.reverberray.com/,0
https://www.rnaautomation.com/,0
https://www.twinlakes.net/,0
https://www.rajawali4dg.cfd/,1
https://tekkom.net/,0
https://luxury98c.cfd/,1
https://www.iacontainer.in/en/?id=agenolx+daftar,1
http://toto205.com/,1
https://www.snape-software.co.uk/,0
https://www.isomatrixx.ca/,0
https://www.caymanchem.com/,0
https://www.tek-tips.com/threadminder.cfm?pid=184,0
https://olxhadis.com/,1
https://www.roberts-mart.co.uk/,0
https://hobitoto.net/,1
https://pmb.sainttheresa.ac.id/plugin/?sih=DETIKBET,1
https://www.tek-tips.com/threadminder.cfm?pid=14,0
https://dscorp.com/,0
https://www.armia.com/,0
https://plightadvertising.com/,1
https://islandtime.com/topproducersales.com/,0
http://www.reischpad.com/index.html,0
https://plazasouthfl.com/,1
https://www.mulantogellogin.com/,1
http://kelentechnologies.com/,0
https://www.techtalkz.com/,0
https://expofranquiciasecuador.com/,1
http://moonstar.com/,0
https://mahajpe.cfd/,1
https://www.easysoft.com/,0
https://rede.ca/,0
https://cse-ltd.co.uk/,0
https://www.b810group.it/,0
https://beseenmkt.com/,1
https://www.dialindicator.com/,0
https://www.link.adirassa.com/,1
https://petirmax606.com/,1
https://held-bah.com/,1
https://www.reelmajor.com/,1
https://www.ocjunglebar.com/,1
https://vinaizadi.com/,1
https://win707.sbs/,1
https://www.jobo.com/,0
https://www.abraxasenergy.com/,0
https://onwatchly.com/,1
https://www.monard.com/,0
https://art-d.ca/,0
http://www.vetlab.com/,0
https://www.netsourceinc.com/,0
https://amsterdamsocial.com/,1
https://rodriguezgalvan.com/wp-active/?daftar=mapstoto-link-alternatif,1
https://www.w7forums.com/,0
https://americanmessaging.net/,0
https://www.tek-tips.com/threadminder.cfm?pid=428,0
https://impalatravels.in/,1
https://bilashinternational.com/,1
https://sophiecharlottechapman.com/,1
https://www.stagingresources.com/,0
https://littapeh.com/,1
http://grandroyal18e.cfd/,1
https://www.millersolutions.co.uk/,0
http://www.ranchcreek.com/,0
https://vikaslot.com/,1
https://nrsc-am.com/,0
https://www.qts-ltd.com/,0
https://kapak4d.net/,1
https://www.tek-tips.com/threadminder.cfm?pid=209,0
https://thegriffinssociety.org/,1
https://alexistoto188.com/,1
https://toptogele.cfd/,1
https://cyberwurx.com/,0
https://www.danenet.org/,0
https://www.firstcoastptcruisers.org/,0
https://www.locl.net/,0
https://metrototoe.cfd/,1
http://wiseestimatingllc.com/,1
https://webprofessionals.org/,0
https://mcdvoicesurvey.onl/,1
http://kupangtogel.online/,1
http://www.gansink.com/,0
https://hayvanbeslemeuzmani.com/,1
http://hmslot99f.com.chaisenlaikoi.com/,1
https://docs.cordite.foundation/en/latest/,1
https://atctower.com/,0
https://360concretellc.com/toto-12-jitu,1
https://www.pacificconnexion.com/new2/,0
https://www.tek-tips.com/threadminder.cfm?pid=434,0
https://350bitcoin.info/html/bittorrent-news-crypto-20487/,1
http://capitalbedrooms.co.uk/,1
https://www.aeqsa.com/,1
http://pororom.com/,1
https://ayokiukiu.com/,1
https://www.asynchronsystems.com/,0
https://www.akinsmachinery.com/,0
https://www.bnswebcreations.com/,0
https://www.outfittersatellite.com/,0
https://dataloggerinc.com/,0
https://usavacations.net/,1
http://njmug.org/,0
https://congtoge.com/,1
https://energyequipment.com/,0
https://cedarspringsranchairbnb.com/,1
http://webismin.com/,1
https://www.tek-tips.com/threadminder.cfm?pid=619,0
https://56xbetonline.com/,1
https://wb2btalkradio.com/,1
https://kotapparel.com/,1
https://firstprioritytampa.com/,1
https://springfieldfarmscarts.com/springfieldfarmscarts/,1
https://www.pinpoint.ltd.uk/,0
https://vnustravel.com/,1
https://www.cellutron.com/,0
https://jeus138e.cfd/,1
https://mexicanfoodaustralia.com/,1
https://enterbook.com/id/?resource_id=MONATA189,1
https://dewazeus4d.site.trikcuan88.com/,1
http://jeanyvesbilien.com.seoabalabal.com/,1
https://www.tacopizzagrill.com/order,1
https://summitsustainability.eu/,1
https://nagabolaeropa.com.seonaga138.com/,1
https://www.vnetsoftware.com/,0
https://www.nyswrc.org/,0
https://www.windowsobserver.com/,0
https://ino16.com.acchawkhost.com/,1
http://k86c.cfd/,1
https://rajadepo77.com/,1
https://sternpinball.com/,0
https://petitesmarmites.com/,1
https://www.hadek.com/,0
https://lpc-world.com/,0
https://www.verifyglobal.com/,0
https://www.triaster.co.uk/,0
http://www.cvc.net/,0
https://www.tek-tips.com/threadminder.cfm?pid=1,0
http://cosmicslots.sbs/,1
https://earth.labtop.com/,0
https://www.duncanrogers.com/,0
https://cfsk.org/,0
http://www.a-and-t-labs.com/,0
https://slotnaga.jaunequicktoseesmith.org/,1
http://perthdronefishing.com/,1
https://tribunnewspekanbaru.com/,1
http://www.justinhurtadojr.com/,0
https://www.tr.kojo2006.com/,1
https://www.assmsb.com/,0
https://ledakwin288.art/,1
https://mengaji.org/,1
https://www.brassfounders.com/,0
https://www.technicalactiongroup.ca/,0
https://mymsdlogin.com/,1
https://www.tek-tips.com/threadminder.cfm?pid=5,0
http://www.magicpubs.com/mac/macosx.html,0
https://servicestrategies.com/,0
https://www.sqc.com.my/,0
https://www.cyemptive.com/,0
https://highlandccofamarillo.org/,1
http://www.swav.net/,0
https://musimslotc.cfd/,1
https://mcmbolaslot.xyz/,1
https://laskartogel.alkapro.sch.id/,1
https://sekubang.desa.id/aww/?sori=18TOTO,1
https://www.tek-tips.com/threadminder.cfm?pid=8,0
https://garcia-dwyer.com/,1
https://www.stargatesound.ca/,0
https://79jago.com/,1
http://www.wtc.ab.ca/,0
https://hodgsonsealants.com/,0
https://secure.torinocapecod.com/pafiwatampone.org/,1
https://idna-converter.com/,1
https://www.thermofisher.com/jp/ja/home/brands/invitrogen/ambion.html,0
https://www.elegantmicroweb.com/,0
https://fortunetechnologies.com/,0
https://www.reading-computers.co.uk/,0
https://www.seafloorsystems.com/,0
https://www.psangelus.com/,0
https://jurnalilmu.com/,1
https://golfclubratings.com.pjkps.com/,1
http://www.solventsystems.com/,0
https://mike4rep.com/,1
https://www.gdsfreight.com/?web_id=GEMINI99,1
https://ecomaterial.com/,0
https://userselot.com/,1
http://www.trancon.com/,0
https://greennet.ca/,0
https://savemytumor.org/,1
https://bnltech.com/lander,0
https://soberwithkat.com/,1
http://www.proirb.com/,0
http://elbutron.com/,1
https://wiki.linux-ottawa.org/doku.php?id=start,0
https://mantapbos.it.com/,1
https://gototoslots.com/robots.txt,1
https://laneit.com/,0
https://ecotint.mx/,1
https://bandardunia.com/,1
https://www.trampoline.getairsalem.com/,1
https://transfer-motorola-recovery.com/beli-komputer/,1
https://527bitcoin.info/br/gmail-bitcoin-50255/,1
https://asiawin823.com/,1
https://kgcha.com.situs-pro.link/,1
https://www.pmtvib.com/,0
https://www.tek-tips.com/threadminder.cfm?pid=25,0
https://www.tek-tips.com/threadminder.cfm?pid=391,0
https://qa.eeonline.org/index,1
https://law.labschoolunnes.sch.id/,1
https://www.adspipe.com/sustainability,0
https://esrgc.org/,0
https://www.nicomit.com/,0
https://eventpp.com/,1
https://ulartogele.cfd/,1
http://www.soundsculpture.com/,0
https://www.americanhelpdesk.com/,0
https://www.broncozone.com/,0
https://www.prophet-web.com/,0
https://nationalchampionships-road.com/,1
https://www.traer.net/,0
http://www.megaphoneco.com/,0
https://distilleryheritage.com/,1
https://www.hobartbrothers.com/,0
https://www.turniton.co.uk/,0
https://www.tek-tips.com/threadminder.cfm?pid=83,0
https://serviceapartmentsvasantvihar.com/,1
https://spotbet88.org/,1
https://www.stormcomputer.com/,0
https://herbalexplorer.com/,1
http://host2.bakingworld.id/,1
https://agriasiadc.com.tw/wap/?id=s8toto,1
https://www.ygtc.com/,0
https://www.gtghydroponics.com/,0
https://www.aditech.co.uk/,0
https://trustcanada-sa.net/,1
https://www.technicongres.ch/,0
https://www.comoxvalleyschools.ca/,0
https://www.oki.com/us/printing/index.html,0
https://www.tek-tips.com/threadminder.cfm?pid=205,0
https://www.acabimport.com/,1
https://www.jolibatrust.org.uk/,0
https://zouyawen.top/,1
https://www.bv-auctions.com/slot/?q=OLXTOTO%20BANDAR%20TOGEL%20TERPERCAYA,1
https://clouday.es/,1
https://supertoto88.org/,1
https://kilau4d.net/,1
https://www.getedtabletsonline.com.okebanget.xyz/,1
https://www.pcpartners.co.uk/,0
http://evolutionofstyle.com/,1
https://osototo-login.smayapis-manokwari.sch.id/,1
https://www.pinnacleprotectors.online.adamsmillerlaw.com/,1
https://mecanicasolutions.com/en/,0
https://www.normannstaffing.com/,0
https://www.groundwatermodels.com/,0
https://www.tek-tips.com/threadminder.cfm?pid=219,0
https://www.zenzero.co.uk/,0
https://www.alpha-technologies.com/,0
https://nerdytechs.com/,0
https://bway.net/,0
https://www.gogogeek.ca/,0
https://www.pennylane.co.uk/,0
https://www.biolegio.com/,0
https://www.babymonitorsdirect.co.uk/,0
https://weldwell.co.nz/,0
https://www.cornishhottubs.co.uk/,0
https://www.abielectronics.co.uk/,0
https://www.tek-tips.com/threadminder.cfm?pid=177,0
http://universeonlinestore.in/,1
http://omofitness.com/,1
https://www.advent-inc.com/,0
https://beritajuang.com/,1
http://www.sharpedecisions.com/,0
https://enterprisedt.com/,0
https://salamjptogel.net/,1
http://diabtronic.com.blackdiamondheavies.media/,1
https://siokambing1s.cfd/,1
https://next1221.online/shop-beli-laptop/,1
https://e-book.smpn5sby.sch.id/,1
https://hollywoodracks.com/,0
https://www.kelastiktok.com.biji88.me/,1
https://www.dartcom.co.uk/home,0
https://hadirtoto.xyz/,1
http://www.albabiogroup.com/,0
http://beto4d.org/,1
http://www.pcmachelp.com/,0
https://www.scanace.com/,0
https://www.cybercity.nyc/,0
https://www.avantbuild.com.au/wp-active/?daftar=kargo-toto,1
https://www.airit.co.uk/it-support-london/,0
https://www.silverspoonnyc.com.drwuthailand.com/,1
http://www.quickscan.net/,0
https://hobodrifter.com/download/Breakthrough_Rapid_Reading.pdf,1
https://www.foodcentrewales.org.uk/,0
http://salisbury.net/,0
https://mail.protego.id/,1
https://dotfoil.com/,0
https://monitech.com.au/,0
https://www.expowork.gr/,0
http://www.etwebsite.com/,0
https://milolockhart.com/,1
https://www.mikigaming.beauty/,1
https://turkitoto.ink/,1
https://classyproduction.id/,1
https://www.aquadyne.com/,0
https://adour.in/,1
https://mbahsukro.shop/,1
http://pixiubet.org/,1
https://www.pluggerlift.com/product/patin-electrico-crown-40gpw-4-14/,1
https://www.barkweb.co.uk/,0
https://www.ittia.com/,0
https://www.daviscomms.com.sg/,0
https://qqcashe.cfd/,1
http://www.farmsinternational.com/,0
https://jaguar77.net/,1
https://www.digitalred.com/,0
https://floridalicenseplatesearch.com/,1
https://www.tek-tips.com/threadminder.cfm?pid=194,0
http://www.aerosupport.aero/,0
http://www.aasdt.com/statistics/mlr.html,0
https://www.tek-tips.com/threadminder.cfm?pid=557,0
https://ortculture.org/,1
http://topwdhermes.com/,1
https://www.clarkecountyanimalhospital.com/meet-our-team,1
https://www.tek-tips.com/threadminder.cfm?pid=23,0
https://haushomeandgift.com/,1
https://www.tek-tips.com/threadminder.cfm?pid=935,0
http://satriatotoc.cfd/,1
https://kromaton.com/en/,0
https://www.liveadmins.com/,0
https://ligareceh.bet/,1
https://www.lmsoft.com/en/,0
https://freehay.com.link-gawat138.com/,1
https://futures-alliance.com/video/?r4shub=wede388,1
https://savemytumor.net/,1
https://www.awael-sy.com/MD/?web_id=S8TOTO,1
https://www.colibrirealestate.com/,0
https://envitech.co.uk/,0
http://bri3d.net/,1
